customer_id,name,email,region,signup_date
1,Allison Hill,redwards@gmail.com,Massachusetts,2024-03-05
2,Noah Rhodes,fitzgeraldvictor@mcintyre-wilson.com,North Carolina,2023-09-02
3,Angie Henderson,wendymitchell@yahoo.com,Vermont,2023-08-20
4,Daniel Wagner,taylorcharles@roach.com,Iowa,2024-09-20
5,Cristian Santos,jenna88@yahoo.com,Georgia,2023-11-23
6,Connie Lawrence,jenniferho@hotmail.com,Arkansas,2024-08-03
7,Abigail Shaffer,william13@young.com,Utah,2024-09-11
8,Gina Moore,tanner82@hotmail.com,Washington,2024-10-05
9,Gabrielle Davis,parkeryvonne@mendoza.org,Montana,2024-10-11
10,Ryan Munoz,teresaday@owens-holmes.com,New Hampshire,2024-07-22
11,Monica Herrera,ryanbartlett@guerra.com,Wisconsin,2024-07-04
12,Jamie Arnold,fernandodonovan@gmail.com,Rhode Island,2024-12-18
13,Lisa Hensley,meghan43@hotmail.com,Oregon,2024-06-26
14,Michele Williams,colleenmendez@gmail.com,North Carolina,2023-09-01
15,Dylan Miller,georgeweber@morgan.com,Colorado,2024-04-04
16,Brian Ramirez,frykelli@curtis-wang.biz,Iowa,2024-11-19
17,Holly Wood,ismall@may-turner.com,Nevada,2024-07-09
18,Derek Zuniga,shawn02@yahoo.com,Maine,2024-01-21
19,Lisa Jackson,vmarshall@hotmail.com,Montana,2023-05-14
20,Carla Gray,michelle55@anderson-wood.net,Georgia,2023-06-28
21,Margaret Hawkins DDS,john14@wright-davis.com,Florida,2024-12-03
22,Patty Perez,kwright@yahoo.com,Michigan,2023-12-05
23,Ethan Adams,kathrynjimenez@hotmail.com,Colorado,2023-12-23
24,Tommy Walter,fkoch@gmail.com,New Mexico,2024-01-28
25,Matthew Foster,pwagner@aguilar.com,Oregon,2025-03-14
26,Judy Baker,pharper@hotmail.com,West Virginia,2024-02-05
27,Justin Baker,amanda16@gmail.com,Arkansas,2025-01-13
28,Stephanie Ross,kathryn50@yahoo.com,Oklahoma,2023-06-08
29,Zachary Hicks,michaelroberts@gordon-duran.com,Montana,2024-11-26
30,Anthony Rodriguez,theresalong@grant-diaz.com,Kentucky,2024-03-13
31,Rebecca Henderson,cporter@taylor.info,Colorado,2025-01-31
32,James Ferrell,catherinerobertson@yahoo.com,Montana,2024-06-17
33,Tricia Valencia,phillipjensen@yahoo.com,North Carolina,2023-06-06
34,Nathan Maldonado,terickson@yahoo.com,Nevada,2023-11-30
35,Debra Davidson,mark16@parker.com,Wyoming,2024-04-16
36,Jeffrey Chavez,tammy99@gmail.com,Vermont,2023-07-30
37,Sherri Baker,ojackson@harvey.com,Florida,2023-07-20
38,Cassandra Gaines,leescott@hernandez-vaughn.biz,Wisconsin,2024-10-07
39,Elizabeth Fowler,thorntonapril@hotmail.com,Florida,2025-02-12
40,Brittany Farmer,ufox@gmail.com,New Mexico,2023-11-16
41,Paula Moreno,amy49@yahoo.com,Oklahoma,2023-12-28
42,Fred Smith,joshuaevans@wise-bush.info,Illinois,2024-05-30
43,Sherry Decker,ybailey@hotmail.com,New York,2024-03-03
44,Anthony Humphrey,david86@yahoo.com,Montana,2024-05-28
45,Angelica Tucker,kellyroberts@hotmail.com,Tennessee,2023-09-26
46,Philip Cannon,sandra47@harris.com,Oregon,2024-10-08
47,John Pierce,danielyang@gmail.com,Illinois,2023-09-26
48,Shane Henderson,santiagoamanda@hall.info,Oklahoma,2024-08-04
49,Joshua Blair,adampierce@russell.info,South Carolina,2023-06-01
50,Eric Carney,manuel01@andrews.com,West Virginia,2023-07-10
51,Jessica Holmes,lkhan@osborn.info,North Dakota,2024-07-03
52,Danny Morgan,nancy04@morrison.info,Kansas,2024-11-03
53,Crystal Robinson,melissamcdonald@gmail.com,Kansas,2024-08-17
54,Mark Perez,francisco74@lopez.org,California,2024-05-31
55,Shannon Jones,cherylfowler@wilcox-robertson.com,Louisiana,2023-06-24
56,Michael Lewis,lopezdonald@yahoo.com,Wyoming,2024-04-26
57,Timothy Duncan,greenjoe@finley-turner.org,Nevada,2024-10-30
58,Richard Aguirre,desiree30@wilson.net,Massachusetts,2024-10-02
59,Brent Jordan,fowlershelia@yahoo.com,Utah,2024-07-29
60,John Daniel,susanmendoza@adkins-obrien.biz,Oregon,2024-12-19
61,Victoria Garcia,kathleenbecker@hotmail.com,Colorado,2024-10-16
62,Gerald Hensley,xrice@stark.com,Delaware,2023-11-26
63,Connor West,franklinbond@wilson-harris.org,Texas,2024-03-13
64,Donald Wright,nolansean@gmail.com,Nebraska,2024-08-01
65,Jessica Callahan,williambryant@gmail.com,Nevada,2025-02-03
66,Amber Kidd,jennifer64@gmail.com,Mississippi,2023-12-18
67,Tracy House,williamsmelvin@weaver.com,Minnesota,2023-11-04
68,Carol Tucker,mitchellhector@gmail.com,Illinois,2024-05-29
69,James Brown,victoria67@yahoo.com,Massachusetts,2024-07-06
70,William Baker,vegadorothy@hotmail.com,Minnesota,2024-08-13
71,Jordan Henderson,david86@anderson.com,Rhode Island,2024-01-16
72,Whitney Peters,inunez@yahoo.com,Tennessee,2023-07-26
73,Brittney Phillips,johnreed@yahoo.com,Alaska,2024-08-06
74,Lauren Daniels,johnsondonna@miranda.com,Wyoming,2024-06-27
75,Amy Silva,wheelersean@warner.biz,Maryland,2024-05-06
76,Sarah Moore,amberwebster@gmail.com,Hawaii,2024-05-24
77,Angela Lopez,jim95@harper.com,Minnesota,2024-11-03
78,Megan Young,roberthill@fry.biz,South Carolina,2024-08-19
79,Steve Sanchez,comptonshelly@hotmail.com,New Hampshire,2024-05-07
80,Lisa Barnes,heather62@yahoo.com,South Carolina,2024-05-03
81,Kelly Donovan,karenwells@gmail.com,Georgia,2025-01-03
82,Mike Allen,lindamelendez@hotmail.com,New Hampshire,2023-09-03
83,Michael Evans,igrant@yahoo.com,Arizona,2025-03-03
84,Paul Jones,james17@davis-hardy.com,Iowa,2024-08-02
85,Zachary Ferrell,nicholas99@russo.org,Illinois,2023-10-14
86,Daniel Baker,vclark@krueger-smith.com,Utah,2024-10-18
87,Shirley Suarez,srocha@padilla.com,Mississippi,2023-11-28
88,Christopher Bass,powens@yahoo.com,Georgia,2023-09-14
89,Lisa Archer,michael77@gmail.com,Wisconsin,2023-04-18
90,Aimee Montoya,robin55@yahoo.com,Washington,2023-07-17
91,Matthew Mcmillan,joycesmith@donovan.com,Colorado,2023-05-05
92,Brian Rodriguez,jerry93@pierce-harding.com,Delaware,2024-04-12
93,Denise Jacobs,plevy@hotmail.com,West Virginia,2024-08-14
94,Christina Walters,yjackson@yahoo.com,Arkansas,2024-12-25
95,John Whitehead,jenniferfreeman@mooney.com,Kansas,2023-07-17
96,Anna Henderson,gutierrezmegan@jones.com,South Carolina,2024-11-09
97,Aaron Wise,nbrooks@estrada.info,Georgia,2025-02-03
98,Deborah Figueroa,patelrobert@moreno.net,Maine,2023-09-25
99,Jessica Smith,shawheidi@yahoo.com,Alabama,2024-12-28
100,Stephen Mckee,hullalice@lee.com,Michigan,2024-08-06
101,Sandra Aguilar,laura15@yahoo.com,Vermont,2024-03-04
102,Cameron Parker,veronicaperez@hotmail.com,Delaware,2024-03-03
103,Rebecca Valencia,davisnicholas@alvarez.com,Maryland,2023-05-22
104,Christine Wright,vnewman@hotmail.com,New Hampshire,2024-01-01
105,Richard Henson,hallrachel@clay.com,New Mexico,2024-01-13
106,Marc Moore,whitemelissa@gmail.com,Alaska,2024-06-25
107,Sharon Cherry,karenmarquez@hickman-evans.org,Michigan,2025-01-02
108,Sierra Johnson,irhodes@reyes-singh.com,Indiana,2024-08-24
109,Evelyn Galvan,davisjesse@gmail.com,West Virginia,2023-09-28
110,Sharon Cochran,unovak@gmail.com,Ohio,2023-04-25
111,Richard Rodriguez,whenry@hotmail.com,Indiana,2024-08-26
112,Shannon Walker,llopez@hotmail.com,Indiana,2023-09-20
113,Julia Torres,bartonkenneth@gmail.com,Ohio,2024-10-03
114,Crystal Johnson,adamsnorman@moore.com,North Dakota,2023-11-21
115,Garrett Lin,sean41@miller.info,Wisconsin,2023-10-31
116,Diana May,johnsonmichael@gmail.com,Kentucky,2024-12-20
117,William Herrera,asmith@yahoo.com,Oklahoma,2023-06-08
118,Ashley Waller,ashleyjackson@jackson-adams.com,New Mexico,2023-12-12
119,Victor Baker,bryanhamilton@yahoo.com,South Carolina,2023-12-06
120,Jeffrey Chandler,xpatton@yahoo.com,Washington,2024-05-14
121,Larry Dixon,mwheeler@rodriguez-torres.biz,Georgia,2024-06-17
122,Kenneth Scott,vbrock@yahoo.com,Vermont,2023-12-24
123,April Frost,pochoa@hotmail.com,Vermont,2024-12-02
124,Michelle Harmon,malik37@thompson-sanders.com,Texas,2023-04-21
125,Helen Jones,yfaulkner@gmail.com,Alaska,2023-07-14
126,Erin Edwards,yramirez@yahoo.com,Missouri,2024-09-30
127,Michelle Evans,frederickjames@hotmail.com,Pennsylvania,2023-12-31
128,Jason Powell,bentonsteven@clark.com,Texas,2024-01-07
129,Cameron Fisher,ttaylor@gmail.com,North Dakota,2024-02-18
130,Megan Orr,jennifermccormick@gmail.com,Arizona,2024-10-30
131,Elizabeth Kelley,iaguilar@hotmail.com,Kentucky,2024-07-01
132,Dustin Jordan,gibbsmichael@hotmail.com,Hawaii,2024-08-07
133,Mary Marshall,mackdiane@jackson-salazar.org,Arkansas,2023-05-09
134,Daniel Kennedy,tammy61@gmail.com,Maine,2025-01-22
135,Rebecca Jackson,jeffrey88@watts.info,Illinois,2023-08-31
136,Jose Schultz,whitney71@perry-nixon.com,Vermont,2023-09-14
137,Robert Potter,larry73@webb.info,South Carolina,2023-12-29
138,Courtney Gonzalez,evanslisa@gmail.com,Louisiana,2025-01-23
139,David Alvarez,deborah23@thompson.info,Arkansas,2024-01-04
140,Angel Perry,lsoto@sandoval.com,New Jersey,2024-09-20
141,Cheyenne Horton,tprice@gmail.com,Tennessee,2024-04-23
142,David Douglas Jr.,karen19@lloyd.com,Alabama,2024-04-19
143,Patricia Rodriguez,james14@hotmail.com,California,2024-12-26
144,Christopher Rubio,candice96@hotmail.com,Missouri,2023-05-14
145,Amber Wright,michael79@cervantes.com,Texas,2024-08-30
146,Joyce Solis,lawrenceallen@white.com,Louisiana,2023-07-31
147,Victoria Larson,kcarlson@yahoo.com,Texas,2024-04-24
148,Stephanie Salazar,tommymedina@hotmail.com,Texas,2023-08-15
149,Kathy Rivas,tracytaylor@wilkinson-harvey.com,Mississippi,2024-08-16
150,Stephanie Manning,ytaylor@wagner.biz,Connecticut,2024-04-08
151,David Wright,kjackson@gmail.com,Alaska,2025-03-09
152,Pamela Boyd,antonio38@jackson-ellis.info,Maine,2025-02-17
153,Denise Jones,adamsamy@weaver-sherman.info,Tennessee,2024-06-07
154,Devon Flores,pgarcia@evans.info,Missouri,2025-03-12
155,Brenda Hall,michelle17@gmail.com,Iowa,2024-01-02
156,Michelle Brown,lisamatthews@callahan-bishop.biz,Missouri,2024-04-10
157,Joshua Perry,kristenli@hudson.com,North Carolina,2024-12-15
158,Jason Stein,tiffany44@adams.com,Virginia,2025-01-08
159,Melissa Gates,rsellers@martinez.com,Connecticut,2024-03-03
160,Jamie Smith,kburns@adams.com,Massachusetts,2024-11-13
161,Paul Castaneda,heather57@yahoo.com,New York,2023-05-30
162,Jennifer Adkins,meltonmelanie@gmail.com,Rhode Island,2025-01-24
163,Lindsey Walker,melissa86@gmail.com,Ohio,2024-05-25
164,Jeffrey Johnson,troymorris@yahoo.com,Colorado,2023-12-05
165,Michael Powell,ashleewashington@yahoo.com,Idaho,2024-06-28
166,John Anderson,garciakristen@smith-noble.com,Illinois,2024-10-31
167,Alyssa Long,bsmith@gmail.com,North Carolina,2024-09-24
168,Alyssa Day,erik41@ward.com,New Jersey,2023-12-18
169,Joel Williams,ugarrett@fischer.com,Oklahoma,2024-06-21
170,Daniel Murphy,thomasanderson@stone.com,Virginia,2024-06-06
171,Jamie Walton,lisa62@jones-reyes.com,Alaska,2023-05-01
172,Darlene Miller,michael42@ayala-mullins.com,Arizona,2023-09-25
173,Joshua Cooke,morenoalan@martin.com,Kansas,2024-07-08
174,Matthew Harrington,fheath@gmail.com,North Dakota,2024-09-30
175,Nicole Herring,lawrencepatrick@edwards-taylor.com,Maryland,2023-12-30
176,Alex Hernandez,angelagreene@mitchell.com,Michigan,2024-12-28
177,Michael Elliott,juliephillips@bowers.info,New York,2025-03-06
178,Michael Wang,allendanielle@gmail.com,Montana,2024-12-25
179,Lawrence Adkins,sarah26@fisher.info,West Virginia,2024-01-16
180,Robert Oconnell,matthewsalexander@williams.biz,Hawaii,2023-06-07
181,Alexander Collins,zhenderson@gmail.com,Alaska,2023-08-10
182,Tina Sanders,christopher18@mccann.net,Minnesota,2023-11-20
183,Angela Vaughn,wwillis@hotmail.com,Utah,2025-01-29
184,Ashley Barton,holly30@miller.com,Minnesota,2023-05-11
185,Lindsay Martinez,parkerjudith@hotmail.com,Minnesota,2024-01-05
186,Dr. Hannah Patterson,smithderrick@martin.net,South Dakota,2024-02-02
187,Jonathan Peterson,nathanbrady@yahoo.com,Maryland,2024-08-15
188,Samantha Garcia,rogersruben@brown.com,Kansas,2024-06-04
189,Madison Poole,ddixon@yahoo.com,North Carolina,2025-01-30
190,Jessica Gross,eric19@sharp.com,Louisiana,2023-08-23
191,Debra Morton,brandoncox@white.net,Arkansas,2024-07-03
192,Karen Graham,marcbutler@hotmail.com,South Dakota,2024-07-30
193,Debra Christian,margaret95@gmail.com,Kentucky,2024-02-13
194,Angelica Keith,jeffreyblack@finley.info,Missouri,2023-09-09
195,John Bishop,mark87@gmail.com,Alaska,2024-07-22
196,Allen Rosales,kellymueller@hotmail.com,Oklahoma,2023-07-16
197,Daniel Salinas,frichardson@oconnor.com,Louisiana,2025-02-16
198,Spencer Haynes,randolphandrew@reed.com,Iowa,2024-12-14
199,Adam Vaughan,usweeney@garcia-moreno.com,Georgia,2024-11-20
200,Nathan Freeman,jwoodward@hotmail.com,Michigan,2023-12-12
201,Melissa Brewer,williamsjesse@hotmail.com,Montana,2024-10-15
202,Ricky Davis II,stephen19@gmail.com,Texas,2025-02-11
203,Elizabeth Perkins,kjones@graham.com,Florida,2023-12-17
204,Joseph Coleman,melissa65@yahoo.com,Colorado,2024-10-19
205,Erin Warner,jesus32@hotmail.com,Washington,2023-05-11
206,David Martinez,danielcole@russell-herrera.com,Missouri,2023-11-13
207,Bryan Herrera,steven11@gmail.com,North Dakota,2024-03-03
208,Cathy Robinson,lewismelissa@gmail.com,Utah,2023-06-23
209,Dr. William Warren,tanyafoster@byrd.com,South Carolina,2024-05-07
210,Brian Lee,jbond@pierce.com,South Dakota,2025-02-26
211,Christopher Smith,brownkimberly@anderson.com,Utah,2023-10-18
212,Denise Mccann,samantha10@gonzalez.info,Iowa,2024-01-30
213,Melissa Martinez,steinmaria@martinez-dunlap.com,Nebraska,2024-04-02
214,Katherine Salas,zunderwood@johnson-vega.com,Kansas,2025-01-20
215,Julie Alexander,rebekahhill@yahoo.com,Oregon,2023-12-08
216,Anthony Everett,mendezchristina@phillips.com,Georgia,2023-10-01
217,Rodney Morales,patrick63@wilkerson.net,Nevada,2024-05-28
218,Mark Brown,wcasey@stephens-washington.org,Maryland,2023-12-07
219,Justin Torres,bnelson@yahoo.com,Rhode Island,2023-08-30
220,Bailey Duran DDS,huangkimberly@stokes.net,Michigan,2023-07-13
221,Courtney Mills,terrigarcia@hotmail.com,New Hampshire,2024-02-01
222,Jeremy Dalton,amanda03@bradford.com,Ohio,2024-12-16
223,Elizabeth Oliver DDS,brittanydrake@howard.com,Florida,2023-05-16
224,Theresa Clark,marycochran@weaver-thompson.com,Indiana,2024-12-11
225,Matthew Moore,halljeffery@woods.com,Tennessee,2023-09-20
226,Benjamin Smith,samantharichard@yahoo.com,Florida,2023-06-27
227,Kirk Carter,hernandezjanet@schroeder.com,Pennsylvania,2024-03-26
228,Michael Warner,janet69@rogers.com,Ohio,2024-05-14
229,Michael Bradshaw,fconner@stewart.org,Utah,2023-05-06
230,Lori Guerrero,elizabetholsen@yahoo.com,Illinois,2024-12-27
231,Jessica Stephens,david09@yahoo.com,Florida,2024-04-25
232,Susan Serrano,carriemccall@walker.com,Maryland,2024-05-09
233,Christopher Parker,youngtoni@gmail.com,Vermont,2023-08-14
234,Laura Roberts,sean43@steele.com,Virginia,2023-09-11
235,Michael Lyons,williamssamuel@costa-wilkerson.info,North Dakota,2024-01-06
236,Kathryn Snyder,amy17@hotmail.com,Florida,2024-04-26
237,Andrew Reynolds,shannonlloyd@phillips.com,Nevada,2024-11-05
238,David Davis,petersonpamela@dennis.com,Wyoming,2025-02-23
239,Sara Johnston,bbush@hotmail.com,Georgia,2024-05-27
240,Yvonne Chambers,gmoore@harris-lee.net,Tennessee,2023-12-14
241,Andrew Avila,kenneth10@yahoo.com,Oregon,2024-12-09
242,Matthew Moon,briansmith@gmail.com,Hawaii,2023-12-27
243,Kevin Walters,bgonzalez@gmail.com,Massachusetts,2023-08-06
244,Brandon Bailey MD,tiffany71@glover-ruiz.com,California,2024-12-04
245,Shannon Rivera,ylopez@lopez-williams.info,Oklahoma,2025-02-22
246,Donna Landry,jeremy49@gmail.com,Ohio,2023-07-02
247,Krista Gibson,millermaurice@gutierrez.com,Washington,2025-01-14
248,Frank Cordova,rsheppard@yahoo.com,Delaware,2024-05-21
249,Jose Travis,zevans@johnson.org,Idaho,2024-09-23
250,Kimberly Gutierrez,averyshane@stanton.com,Massachusetts,2023-07-29
251,Isaiah Avila,rmiller@harris-carson.com,Georgia,2023-09-23
252,Olivia Harris,renee11@yahoo.com,Washington,2024-10-30
253,Tanya Kim,melissa87@gmail.com,Alaska,2023-05-15
254,Barbara Dudley,perryeddie@hotmail.com,Wisconsin,2024-04-07
255,Cynthia Moore,hartcraig@dillon-beard.biz,Massachusetts,2024-02-12
256,Kristen Davis,kpena@hotmail.com,Nebraska,2024-10-22
257,Susan Murray MD,jacksonrichard@hotmail.com,Nebraska,2025-02-16
258,Kathleen Moran,fosternatasha@hotmail.com,Maryland,2024-05-26
259,Denise Davenport,reesesamantha@smith-roth.com,New Hampshire,2023-07-15
260,Mrs. Kristen Reyes,megan13@gmail.com,West Virginia,2023-04-20
261,Katie Suarez,uschroeder@yahoo.com,South Dakota,2023-12-14
262,Desiree Tyler,lopezjason@yahoo.com,West Virginia,2023-05-21
263,Timothy Romero,lori82@gmail.com,Louisiana,2024-10-01
264,Diane Evans,htaylor@hotmail.com,Georgia,2025-02-03
265,Yvonne Burns,jameswhitaker@wright.com,Wyoming,2024-07-21
266,Joshua Reed,joshuacolon@hotmail.com,Illinois,2025-02-22
267,Kimberly Gibson,maldonadojohn@yahoo.com,Connecticut,2023-06-23
268,Colin Terry,susanwells@hotmail.com,Florida,2023-12-31
269,Cynthia Rowe,frank41@yahoo.com,Idaho,2024-04-13
270,Patrick Thornton,kwilliams@vincent.com,Alaska,2025-03-07
271,Jasmin Alvarado,denise80@smith.org,Wisconsin,2023-05-22
272,Veronica Simpson,johnnytrujillo@marquez-fletcher.com,South Carolina,2023-07-06
273,Jonathan Lawrence,dyork@yahoo.com,South Carolina,2024-05-25
274,Shelly Alexander,hturner@sanders.com,Louisiana,2024-12-02
275,Joyce Bowen,gabrielle71@yahoo.com,Rhode Island,2024-09-09
276,Matthew Moore,michelle44@gmail.com,Oregon,2024-11-16
277,Wayne Morgan,racheltrujillo@powell.com,South Carolina,2023-12-15
278,Marie Christian,jordan66@yahoo.com,Iowa,2023-05-04
279,Shannon James,matthewreeves@nichols.com,Rhode Island,2024-07-08
280,Nathan Malone,marywalter@gmail.com,Iowa,2024-11-26
281,Amanda Jones,ruizjoyce@hotmail.com,Iowa,2023-12-15
282,Tammie Bright,destiny35@garner.biz,Utah,2024-08-25
283,Jessica Garcia,jorge47@gmail.com,Alaska,2025-03-09
284,Shelia Wallace,delacruzbrandy@hotmail.com,Minnesota,2023-09-26
285,Stephanie Williams,gpreston@dillon.net,Colorado,2023-12-22
286,Elaine Brooks,jbrown@gmail.com,Vermont,2023-09-19
287,Joseph Knight,robert97@stewart.com,Wyoming,2023-09-13
288,Carolyn Miller,lcook@walters-smith.com,New Mexico,2023-11-25
289,Lisa Allen,barbaramoore@anderson.biz,Florida,2023-11-17
290,Briana Murray,ysanford@gmail.com,North Carolina,2024-06-03
291,David Smith,jessicadodson@sherman-schmidt.com,Rhode Island,2023-12-20
292,Stephanie Byrd,jeremywiley@anderson-reyes.org,New Mexico,2024-12-07
293,Jeremy Reed,cameronwilliams@yahoo.com,Virginia,2024-03-24
294,Margaret Coleman,ryan25@yahoo.com,Tennessee,2024-09-19
295,Ryan Gonzalez,frederickmeadows@yahoo.com,Mississippi,2023-07-17
296,John Young,jeffreymercer@gross.net,Idaho,2023-11-14
297,Laura Haney,richardsondebra@brooks.com,Missouri,2023-08-10
298,William Barrett,stanleydesiree@williams.biz,New York,2023-08-17
299,Keith Jennings,qmartinez@yahoo.com,New Mexico,2023-11-15
300,Amber Obrien,heathermccoy@fisher-garcia.net,Florida,2023-07-14
301,Tanner Mitchell DDS,robertroach@hotmail.com,Hawaii,2023-04-28
302,Heather Fields,daniel17@lynch.net,Illinois,2024-08-12
303,Megan Le,jade42@kelley.info,Iowa,2024-06-24
304,Sara Fuller,aaronpowers@gmail.com,Arizona,2024-05-20
305,Maria Parker,stacychan@gmail.com,Nebraska,2023-07-05
306,Kevin Oconnor,dawn74@marshall-garcia.com,Wisconsin,2023-09-24
307,Edward Burgess,michael56@wilson.com,Alabama,2024-06-11
308,Carlos Ryan,markkline@adams.com,Louisiana,2024-01-14
309,Kiara Mcintyre,moralessuzanne@houston-vaughn.info,Nebraska,2024-06-16
310,Dawn Summers,danielhorton@gmail.com,Iowa,2023-12-20
311,Dr. Paul Morgan,perrybrittany@gregory.com,West Virginia,2023-11-13
312,Victor Taylor,timothyfreeman@alexander-brown.com,Texas,2023-08-04
313,Shannon Ramsey,tiffanysantiago@stone-watts.org,Illinois,2024-10-15
314,Tracy Ballard,pstanley@reed-rhodes.biz,Wisconsin,2024-12-31
315,Richard Smith,smithsarah@allison.com,Indiana,2023-11-23
316,Jordan Chambers,john40@hotmail.com,California,2024-07-05
317,Lauren Carson,ppowell@stevens.info,Idaho,2023-10-24
318,Ashley Hall,hwest@mcgee-smith.biz,New Hampshire,2023-08-28
319,Stephen Hoffman,hawkinsaaron@gmail.com,South Carolina,2023-06-11
320,Connie Brown,diamondbryant@yahoo.com,New York,2023-12-14
321,Susan Turner,velasquezmegan@yahoo.com,Vermont,2024-08-05
322,Charles Shah,jennifer11@hotmail.com,Massachusetts,2025-03-10
323,Johnathan Davis,petersonmaria@kelley-brooks.com,New Jersey,2024-01-05
324,Brandy Chavez,travisunderwood@griffith.com,Kansas,2024-06-09
325,Natalie Bautista,ylewis@love.biz,Nevada,2024-03-26
326,Patrick Moore,bartonshannon@lawrence.com,Montana,2023-05-26
327,Brett Burns,eroberson@norman.com,Wyoming,2023-07-27
328,Trevor Johnson,hughescaroline@gordon-cruz.org,Arizona,2023-05-09
329,Jeremy Sampson,raymond54@ballard-taylor.org,Rhode Island,2024-04-16
330,Ariana Jennings,jennifer83@gmail.com,West Virginia,2024-09-22
331,Vanessa Howard,glenda22@daniels.com,Missouri,2023-05-26
332,Colton Martinez,icraig@yahoo.com,Washington,2023-07-08
333,Jordan Bates,millsanthony@gmail.com,Massachusetts,2024-02-08
334,Linda Smith,gonzalezkaren@terrell.com,Montana,2023-05-28
335,Dana Martinez,vaughnkenneth@johnson.net,South Carolina,2023-06-22
336,Andrea Hubbard,yyoung@roberts.biz,West Virginia,2024-03-13
337,Daniel Kane,tammy00@hotmail.com,Oregon,2024-02-15
338,Charles Lester,christinenorman@yahoo.com,Rhode Island,2023-09-03
339,Scott Thomas,kari89@parsons.com,Ohio,2024-10-15
340,David Thompson,tonyajones@gmail.com,North Dakota,2024-07-23
341,Allison Smith,rwilliams@baker.com,Tennessee,2025-03-09
342,Cynthia Morris,jmckinney@gmail.com,Virginia,2024-07-20
343,Anthony Harmon,candice94@tyler-pierce.com,Arizona,2024-08-17
344,Nichole Alvarez,susanmeyer@hotmail.com,North Dakota,2025-01-25
345,Kayla Rodriguez,zdaniels@bailey.com,Connecticut,2024-10-04
346,Theresa Williams,kelly98@yahoo.com,New Hampshire,2024-10-11
347,Sharon Boyd,caldwellsean@austin.com,New Jersey,2024-03-28
348,Victor Brown,cruzamber@yahoo.com,Arizona,2024-08-07
349,James Parks,willie87@williams-villanueva.com,Kansas,2024-01-18
350,Theodore Jones Jr.,vaughangary@hotmail.com,North Dakota,2023-12-15
351,Ana Hill,clarkcrystal@hancock.com,Ohio,2023-12-31
352,Kimberly Nguyen,elucas@parks.com,Montana,2025-01-10
353,Kerry Chavez DDS,brownlaura@jones.biz,West Virginia,2023-09-17
354,Michael Farrell,bmccoy@yahoo.com,Arizona,2024-10-21
355,Patricia Le,inunez@may.com,Oklahoma,2024-11-26
356,Jesse Perez,howardwesley@buchanan-turner.com,Missouri,2024-09-19
357,Jesse Perry,qjames@gmail.com,North Dakota,2025-01-04
358,Jeffery Ortega,amandataylor@yahoo.com,Wisconsin,2024-06-04
359,Christian Leblanc,kennetheaton@hotmail.com,South Dakota,2023-06-17
360,Ronald Davis,spencerangela@gmail.com,Arkansas,2024-11-24
361,Parker Cain,armstrongphillip@arroyo.com,Illinois,2024-11-30
362,Laurie Hoffman,gwhitehead@martin.org,Maine,2024-04-12
363,Bryan Gomez,dannylambert@hotmail.com,New Hampshire,2024-07-01
364,Nicole Parrish,enewman@powers-king.com,Montana,2023-07-28
365,Tracy Burke,michael31@yahoo.com,Maryland,2023-06-28
366,Kenneth Lewis,louishayes@hopkins.org,Wyoming,2025-01-07
367,Courtney Rodriguez,susan20@yahoo.com,Maine,2024-12-30
368,Holly Farmer,jenniferdavidson@larsen-taylor.com,New Jersey,2024-10-10
369,Renee Bruce,xgriffin@yahoo.com,Hawaii,2024-04-14
370,Sabrina Austin,thompsoncatherine@yahoo.com,Nevada,2023-07-01
371,Allison Hickman,josemercado@luna.net,Maine,2024-04-04
372,Debra White,nhammond@arnold.net,South Carolina,2023-12-14
373,Ellen Morgan,michaelwalker@hotmail.com,Arkansas,2024-09-29
374,Sergio Knight,stevendixon@yahoo.com,Vermont,2024-08-29
375,Charles Schultz,batesmelanie@hotmail.com,North Dakota,2024-10-19
376,Paul Lewis,seanwhite@hopkins.info,Georgia,2024-12-02
377,Glen Wood,robinsontony@gmail.com,New Jersey,2024-04-12
378,Paula Bradley,jim38@yahoo.com,Tennessee,2024-04-16
379,Anthony Moore,chardin@gmail.com,New Hampshire,2023-10-13
380,Megan Nelson,padillaadrienne@yahoo.com,Colorado,2023-10-07
381,Karla Ramos,nicholasgray@hotmail.com,Washington,2023-08-06
382,Paul Wilson,nicholas38@gomez-parrish.info,North Carolina,2025-02-13
383,Douglas Gregory,shawdon@gmail.com,Delaware,2025-03-12
384,Mr. Andrew Foster,robertsonjuan@lopez.org,Idaho,2024-08-08
385,Aimee Turner,robertrivera@olson.info,Wyoming,2023-11-03
386,Chad Scott,deborahjenkins@williams.org,Pennsylvania,2024-01-24
387,Adam Burgess,crystalwilliams@thomas.net,Vermont,2024-02-15
388,James Padilla,johnsjessica@yahoo.com,Ohio,2023-09-06
389,Sandra Drake,shanehaney@jackson-greer.org,Florida,2024-10-11
390,Scott Williams,cindydixon@ramsey.info,Montana,2024-09-14
391,Thomas Atkins,nicholasanderson@harris.biz,Nebraska,2023-12-29
392,Laura Mckinney,thompsonrachel@williams.com,Massachusetts,2024-12-19
393,Brian Smith,mhopkins@carey.biz,New Hampshire,2025-02-13
394,Robert Montgomery,nancy86@gmail.com,Alaska,2025-03-02
395,Tamara Davis,zbell@hotmail.com,Idaho,2023-12-25
396,Dana Chapman,eanderson@kent.com,New Jersey,2024-04-03
397,Jennifer Collins,jacob09@hotmail.com,Pennsylvania,2024-04-29
398,Gary Jackson,brooksjamie@ortiz-rodriguez.biz,Virginia,2023-05-10
399,Ashley Hicks,melissa69@yahoo.com,Illinois,2023-06-06
400,Hannah Luna,afischer@hotmail.com,New Jersey,2024-04-20
401,Robin Young,mitchellpeters@yahoo.com,Colorado,2023-07-13
402,Craig Morrison,kim62@hotmail.com,Kentucky,2024-01-14
403,Mary Thompson,seanlyons@garcia.biz,Massachusetts,2024-04-22
404,Kathleen Webster,martintamara@gmail.com,Vermont,2024-04-09
405,Joann Glass,thomasburke@brown.com,Tennessee,2025-02-01
406,Madison Weber,ramseysarah@mendez-meyer.org,Virginia,2023-08-27
407,Lori Hernandez,daniellegonzales@jefferson.com,Hawaii,2023-11-22
408,Jeremy Turner,bowerswilliam@hall.com,Virginia,2024-12-03
409,Anthony Romero,christopherhill@gomez-foster.org,Washington,2024-01-12
410,Jesse Brown,mclaughlincasey@dunn.net,Delaware,2024-07-29
411,Angela Lin,sylvia43@hotmail.com,Colorado,2024-07-06
412,Lisa Hunter,kspears@green.net,Delaware,2023-07-24
413,Julian Conner,gordonmatthew@pratt.net,Virginia,2024-05-15
414,Joanna Pacheco,kchurch@yahoo.com,New Hampshire,2023-07-05
415,Erica Alvarez,susan77@atkins.biz,South Dakota,2024-02-26
416,Antonio Garcia,laurengutierrez@black-smith.com,Mississippi,2025-01-11
417,Gwendolyn Klein,christopher51@velazquez.org,Colorado,2024-10-22
418,Carrie Wright,staceyvega@gmail.com,North Dakota,2024-12-25
419,Jeffrey Mills,jimmyallen@yahoo.com,Virginia,2023-07-09
420,Jake Campbell,jameswright@kelly.com,Missouri,2023-12-26
421,George Harper,duranamber@gmail.com,Washington,2024-06-21
422,Maria Jones,christine79@yahoo.com,North Carolina,2024-09-02
423,Michael Mitchell,traceymoon@yahoo.com,South Carolina,2023-06-11
424,Mary Escobar,karenanderson@hotmail.com,Hawaii,2024-12-22
425,Felicia Aguilar,cayers@hotmail.com,Missouri,2023-12-07
426,Gregory Ponce,xdalton@gmail.com,Oklahoma,2024-06-03
427,Jenna Larson,wolfesteve@hotmail.com,Missouri,2024-04-09
428,Emily Bennett,craignicolas@nguyen.com,Arizona,2024-02-22
429,Robin Santiago,joel79@diaz-jimenez.com,Wyoming,2024-07-18
430,Nancy Jennings,michael64@yahoo.com,Hawaii,2024-03-03
431,Maria Henderson,tiffanyparks@le.net,Michigan,2023-10-19
432,Jack White,zgonzalez@hotmail.com,Oregon,2024-08-11
433,Travis Tucker,lshaffer@porter-cowan.net,Texas,2023-10-23
434,Chad Jones,jevans@hotmail.com,Georgia,2024-06-15
435,Ashley Wise,kgarcia@lewis.info,Hawaii,2023-08-18
436,Sophia Johnson,qgarner@ward-grant.com,Georgia,2024-04-25
437,Ralph Anderson,jenkinsmichael@hotmail.com,Idaho,2024-02-09
438,Christopher Guerra,tiffanymitchell@nunez-freeman.info,Wyoming,2023-06-07
439,Rhonda Martin,daustin@frye.com,Virginia,2024-01-06
440,Jason Rhodes,esweeney@gmail.com,Arkansas,2023-09-25
441,Jeremy Mitchell,jeremy54@adams.info,Nebraska,2025-01-08
442,Joann Ferguson,lgutierrez@gmail.com,Maryland,2024-10-07
443,Robert Harrison,ebonyshepard@brady.com,Maryland,2024-07-19
444,Holly Valentine,bkelley@warren-ferrell.com,Washington,2024-03-16
445,Mrs. Diane Reyes,christopherhuynh@yahoo.com,Wyoming,2024-12-16
446,Tracy Montoya,johnmitchell@hotmail.com,New Hampshire,2024-03-20
447,Brenda Wright,alisonjackson@alvarado.info,Maine,2024-06-30
448,Shelly Spencer,amy28@gmail.com,South Dakota,2024-12-18
449,Ryan Rosales,omills@hotmail.com,Idaho,2024-01-07
450,Phillip Nelson,timothy31@yahoo.com,Delaware,2024-06-12
451,Brittany Kim,robert24@gmail.com,Florida,2024-10-07
452,Courtney Hayes,mauriceharrison@watts.info,Illinois,2023-10-17
453,Alexander Brown,cannonlauren@hotmail.com,Alabama,2023-08-29
454,Cynthia Vang,kelleyjacob@kim.biz,South Carolina,2024-09-12
455,Alfred Galvan,josehenderson@gmail.com,Wisconsin,2024-09-18
456,Marie Moody,deborah84@yahoo.com,Kentucky,2023-06-16
457,Dustin Gallegos,whitekeith@gibson.info,Alabama,2024-11-11
458,Brenda Thornton,andrew08@lopez.com,New Jersey,2024-10-20
459,Aaron Miller,jenniferacosta@gmail.com,New York,2024-07-05
460,Ruben Dunn,alexisrobinson@collins-lloyd.com,New York,2025-01-25
461,Kelsey Rodriguez,riveramegan@gmail.com,Ohio,2024-04-28
462,Eric Williams,kimberly18@white-huang.com,Alabama,2023-07-14
463,Riley Bryant,martinezkayla@gmail.com,Rhode Island,2024-07-19
464,Taylor Carlson,cwright@gmail.com,New York,2024-07-22
465,Jose Allen,boydtina@yahoo.com,Kansas,2024-04-10
466,Jeffrey Mendez,sharon20@hotmail.com,Indiana,2023-12-25
467,Jason Beck,timothy43@clay-boyer.com,Pennsylvania,2024-06-21
468,William Jones,cynthianguyen@bauer.com,Texas,2023-07-01
469,Katie Mcneil,albertwilliams@hotmail.com,New Mexico,2025-01-14
470,Jeanette Harrison,nathandavis@gmail.com,New Jersey,2024-03-27
471,Veronica King,parksmatthew@hotmail.com,Nebraska,2023-08-31
472,Richard Cooper,kellyeric@moody.net,New Hampshire,2023-12-12
473,Lori Ingram,bquinn@hotmail.com,Colorado,2024-02-26
474,Evelyn Williams,jennifer40@yahoo.com,Rhode Island,2023-06-10
475,Robin Thompson,amy73@hotmail.com,Rhode Island,2024-07-24
476,Julie Dominguez,mario74@rocha.com,Alabama,2023-07-10
477,Robin Brown,lori85@yahoo.com,Kansas,2024-09-30
478,Judith Carter,bgross@vincent.com,Oklahoma,2025-01-08
479,Curtis Williams,alexandriajimenez@hotmail.com,Louisiana,2024-07-23
480,Kaylee Hays,marcus51@mills.com,South Carolina,2024-12-06
481,Dawn Mullins,morganharris@lee-johnson.biz,South Dakota,2025-01-12
482,Howard Norman,brandon39@hotmail.com,Oklahoma,2024-02-05
483,Evelyn Martinez,conradjason@hebert-collier.info,Indiana,2023-12-27
484,Steve Paul,angela65@brown.com,Arkansas,2024-05-04
485,Jasmine Beltran,blackburnsusan@gmail.com,Idaho,2024-08-29
486,Jonathan Glass MD,amandalopez@sandoval.net,Georgia,2024-09-10
487,Monica Miller,mirandabarbara@hotmail.com,Arkansas,2023-06-03
488,Samantha Gardner,kandrade@gmail.com,Tennessee,2023-06-26
489,Bobby Guerrero,diane89@yahoo.com,Minnesota,2023-10-03
490,Lance Simmons,andrea55@yahoo.com,Arizona,2025-01-10
491,Heather Williams,charlene98@gmail.com,Georgia,2023-08-02
492,Heather Bolton,michael77@yahoo.com,Arizona,2025-03-06
493,William Gould,birdcaitlin@taylor.com,Texas,2024-07-11
494,Mark Cox,andrew48@hawkins.com,Oregon,2024-11-23
495,Meghan Cisneros,eric45@hotmail.com,Rhode Island,2024-08-23
496,Lawrence Harrington,jonathanevans@ross.com,Maryland,2025-01-05
497,Austin Osborne,tracynolan@hotmail.com,Michigan,2023-04-17
498,James Bradley,benjamin96@deleon.com,Colorado,2024-11-25
499,Meghan Rush,hconrad@gmail.com,Arkansas,2023-08-08
500,Phillip Berry,hbrown@flores.com,Connecticut,2024-09-11
